year,quarter_code,quarter_period,region_ar,region_en,index_value,qoq_change_pct,yoy_change_pct
2021,Q1,2021Q1,عام (المملكة),Kingdom (General),81.37,,
2021,Q1,2021Q1,الرياض,Riyadh,74.4,,
2021,Q1,2021Q1,مكة المكرمة,Makkah,86.67,,
2021,Q1,2021Q1,المدينة المنورة,Madinah,89.15,,
2021,Q1,2021Q1,القصيم,Al Qaseem,92.11,,
2021,Q1,2021Q1,المنطقة الشرقية,Eastern Province,89.34,,
2021,Q1,2021Q1,عسير,Aseer,88.47,,
2021,Q1,2021Q1,تبوك,Tabouk,91.34,,
2021,Q1,2021Q1,حائل,Hail,91.63,,
2021,Q1,2021Q1,الحدود الشمالية,Northern Borders,91.89,,
2021,Q1,2021Q1,جازان,Jazan,95.42,,
2021,Q1,2021Q1,نجران,Najran,86.49,,
2021,Q1,2021Q1,الباحة,Al Baha,114.65,,
2021,Q1,2021Q1,الجوف,Al Jouf,90.56,,
2021,Q2,2021Q2,عام (المملكة),Kingdom (General),82.06,0.8,
2021,Q2,2021Q2,الرياض,Riyadh,74.86,0.6,
2021,Q2,2021Q2,مكة المكرمة,Makkah,86.7,0.0,
2021,Q2,2021Q2,المدينة المنورة,Madinah,88.45,-0.8,
2021,Q2,2021Q2,القصيم,Al Qaseem,88.16,-4.3,
2021,Q2,2021Q2,المنطقة الشرقية,Eastern Province,92.74,3.8,
2021,Q2,2021Q2,عسير,Aseer,89.27,0.9,
2021,Q2,2021Q2,تبوك,Tabouk,89.6,-1.9,
2021,Q2,2021Q2,حائل,Hail,91.39,-0.3,
2021,Q2,2021Q2,الحدود الشمالية,Northern Borders,90.41,-1.6,
2021,Q2,2021Q2,جازان,Jazan,98.03,2.7,
2021,Q2,2021Q2,نجران,Najran,86.58,0.1,
2021,Q2,2021Q2,الباحة,Al Baha,123.54,7.8,
2021,Q2,2021Q2,الجوف,Al Jouf,94.63,4.5,
2021,Q3,2021Q3,عام (المملكة),Kingdom (General),86.2,5.0,
2021,Q3,2021Q3,الرياض,Riyadh,79.61,6.3,
2021,Q3,2021Q3,مكة المكرمة,Makkah,89.05,2.7,
2021,Q3,2021Q3,المدينة المنورة,Madinah,92.99,5.1,
2021,Q3,2021Q3,القصيم,Al Qaseem,90.61,2.8,
2021,Q3,2021Q3,المنطقة الشرقية,Eastern Province,98.43,6.1,
2021,Q3,2021Q3,عسير,Aseer,93.79,5.1,
2021,Q3,2021Q3,تبوك,Tabouk,91.38,2.0,
2021,Q3,2021Q3,حائل,Hail,95.54,4.5,
2021,Q3,2021Q3,الحدود الشمالية,Northern Borders,91.33,1.0,
2021,Q3,2021Q3,جازان,Jazan,94.51,-3.6,
2021,Q3,2021Q3,نجران,Najran,89.2,3.0,
2021,Q3,2021Q3,الباحة,Al Baha,111.57,-9.7,
2021,Q3,2021Q3,الجوف,Al Jouf,98.28,3.9,
2021,Q4,2021Q4,عام (المملكة),Kingdom (General),89.15,3.4,
2021,Q4,2021Q4,الرياض,Riyadh,84.29,5.9,
2021,Q4,2021Q4,مكة المكرمة,Makkah,90.56,1.7,
2021,Q4,2021Q4,المدينة المنورة,Madinah,95.67,2.9,
2021,Q4,2021Q4,القصيم,Al Qaseem,91.84,1.4,
2021,Q4,2021Q4,المنطقة الشرقية,Eastern Province,98.85,0.4,
2021,Q4,2021Q4,عسير,Aseer,94.15,0.4,
2021,Q4,2021Q4,تبوك,Tabouk,90.1,-1.4,
2021,Q4,2021Q4,حائل,Hail,97.27,1.8,
2021,Q4,2021Q4,الحدود الشمالية,Northern Borders,92.42,1.2,
2021,Q4,2021Q4,جازان,Jazan,95.67,1.2,
2021,Q4,2021Q4,نجران,Najran,88.1,-1.2,
2021,Q4,2021Q4,الباحة,Al Baha,114.85,2.9,
2021,Q4,2021Q4,الجوف,Al Jouf,97.88,-0.4,
2022,Q1,2022Q1,عام (المملكة),Kingdom (General),91.29,2.4,12.2
2022,Q1,2022Q1,الرياض,Riyadh,87.52,3.8,17.6
2022,Q1,2022Q1,مكة المكرمة,Makkah,92.53,2.2,6.8
2022,Q1,2022Q1,المدينة المنورة,Madinah,95.94,0.3,7.6
2022,Q1,2022Q1,القصيم,Al Qaseem,95.7,4.2,3.9
2022,Q1,2022Q1,المنطقة الشرقية,Eastern Province,98.87,0.0,10.7
2022,Q1,2022Q1,عسير,Aseer,94.93,0.8,7.3
2022,Q1,2022Q1,تبوك,Tabouk,90.11,0.0,-1.3
2022,Q1,2022Q1,حائل,Hail,96.27,-1.0,5.1
2022,Q1,2022Q1,الحدود الشمالية,Northern Borders,98.22,6.3,6.9
2022,Q1,2022Q1,جازان,Jazan,93.61,-2.2,-1.9
2022,Q1,2022Q1,نجران,Najran,85.64,-2.8,-1.0
2022,Q1,2022Q1,الباحة,Al Baha,104.55,-9.0,-8.8
2022,Q1,2022Q1,الجوف,Al Jouf,91.82,-6.2,1.4
2022,Q2,2022Q2,عام (المملكة),Kingdom (General),95.56,4.7,16.5
2022,Q2,2022Q2,الرياض,Riyadh,91.89,5.0,22.7
2022,Q2,2022Q2,مكة المكرمة,Makkah,96.61,4.4,11.4
2022,Q2,2022Q2,المدينة المنورة,Madinah,98.89,3.1,11.8
2022,Q2,2022Q2,القصيم,Al Qaseem,99.01,3.5,12.3
2022,Q2,2022Q2,المنطقة الشرقية,Eastern Province,104.9,6.1,13.1
2022,Q2,2022Q2,عسير,Aseer,95.51,0.6,7.0
2022,Q2,2022Q2,تبوك,Tabouk,90.27,0.2,0.7
2022,Q2,2022Q2,حائل,Hail,99.18,3.0,8.5
2022,Q2,2022Q2,الحدود الشمالية,Northern Borders,96.94,-1.3,7.2
2022,Q2,2022Q2,جازان,Jazan,96.83,3.4,-1.2
2022,Q2,2022Q2,نجران,Najran,87.16,1.8,0.7
2022,Q2,2022Q2,الباحة,Al Baha,97.69,-6.6,-20.9
2022,Q2,2022Q2,الجوف,Al Jouf,95.11,3.6,0.5
2022,Q3,2022Q3,عام (المملكة),Kingdom (General),97.5,2.0,13.1
2022,Q3,2022Q3,الرياض,Riyadh,93.32,1.6,17.2
2022,Q3,2022Q3,مكة المكرمة,Makkah,102.66,6.3,15.3
2022,Q3,2022Q3,المدينة المنورة,Madinah,97.66,-1.2,5.0
2022,Q3,2022Q3,القصيم,Al Qaseem,104.0,5.0,14.8
2022,Q3,2022Q3,المنطقة الشرقية,Eastern Province,102.67,-2.1,4.3
2022,Q3,2022Q3,عسير,Aseer,96.6,1.1,3.0
2022,Q3,2022Q3,تبوك,Tabouk,93.6,3.7,2.4
2022,Q3,2022Q3,حائل,Hail,98.85,-0.3,3.5
2022,Q3,2022Q3,الحدود الشمالية,Northern Borders,103.55,6.8,13.4
2022,Q3,2022Q3,جازان,Jazan,97.39,0.6,3.0
2022,Q3,2022Q3,نجران,Najran,88.92,2.0,-0.3
2022,Q3,2022Q3,الباحة,Al Baha,93.36,-4.4,-16.3
2022,Q3,2022Q3,الجوف,Al Jouf,98.09,3.1,-0.2
2022,Q4,2022Q4,عام (المملكة),Kingdom (General),97.22,-0.3,9.1
2022,Q4,2022Q4,الرياض,Riyadh,95.65,2.5,13.5
2022,Q4,2022Q4,مكة المكرمة,Makkah,100.54,-2.1,11.0
2022,Q4,2022Q4,المدينة المنورة,Madinah,98.35,0.7,2.8
2022,Q4,2022Q4,القصيم,Al Qaseem,100.77,-3.1,9.7
2022,Q4,2022Q4,المنطقة الشرقية,Eastern Province,96.48,-6.0,-2.4
2022,Q4,2022Q4,عسير,Aseer,98.4,1.9,4.5
2022,Q4,2022Q4,تبوك,Tabouk,92.16,-1.5,2.3
2022,Q4,2022Q4,حائل,Hail,101.78,3.0,4.6
2022,Q4,2022Q4,الحدود الشمالية,Northern Borders,101.67,-1.8,10.0
2022,Q4,2022Q4,جازان,Jazan,97.67,0.3,2.1
2022,Q4,2022Q4,نجران,Najran,90.99,2.3,3.3
2022,Q4,2022Q4,الباحة,Al Baha,102.12,9.4,-11.1
2022,Q4,2022Q4,الجوف,Al Jouf,95.36,-2.8,-2.6
2023,Q1,2023Q1,عام (المملكة),Kingdom (General),99.22,2.1,8.7
2023,Q1,2023Q1,الرياض,Riyadh,97.63,2.1,11.6
2023,Q1,2023Q1,مكة المكرمة,Makkah,100.68,0.1,8.8
2023,Q1,2023Q1,المدينة المنورة,Madinah,99.21,0.9,3.4
2023,Q1,2023Q1,القصيم,Al Qaseem,101.71,0.9,6.3
2023,Q1,2023Q1,المنطقة الشرقية,Eastern Province,101.09,4.8,2.2
2023,Q1,2023Q1,عسير,Aseer,102.27,3.9,7.7
2023,Q1,2023Q1,تبوك,Tabouk,95.63,3.8,6.1
2023,Q1,2023Q1,حائل,Hail,101.84,0.1,5.8
2023,Q1,2023Q1,الحدود الشمالية,Northern Borders,99.04,-2.6,0.8
2023,Q1,2023Q1,جازان,Jazan,99.76,2.1,6.6
2023,Q1,2023Q1,نجران,Najran,98.29,8.0,14.8
2023,Q1,2023Q1,الباحة,Al Baha,101.77,-0.3,-2.7
2023,Q1,2023Q1,الجوف,Al Jouf,100.62,5.5,9.6
2023,Q2,2023Q2,عام (المملكة),Kingdom (General),100.22,1.0,4.9
2023,Q2,2023Q2,الرياض,Riyadh,99.93,2.4,8.7
2023,Q2,2023Q2,مكة المكرمة,Makkah,100.65,0.0,4.2
2023,Q2,2023Q2,المدينة المنورة,Madinah,102.88,3.7,4.0
2023,Q2,2023Q2,القصيم,Al Qaseem,98.39,-3.3,-0.6
2023,Q2,2023Q2,المنطقة الشرقية,Eastern Province,100.16,-0.9,-4.5
2023,Q2,2023Q2,عسير,Aseer,100.56,-1.7,5.3
2023,Q2,2023Q2,تبوك,Tabouk,99.74,4.3,10.5
2023,Q2,2023Q2,حائل,Hail,99.64,-2.2,0.5
2023,Q2,2023Q2,الحدود الشمالية,Northern Borders,98.44,-0.6,1.5
2023,Q2,2023Q2,جازان,Jazan,97.73,-2.0,0.9
2023,Q2,2023Q2,نجران,Najran,105.13,7.0,20.6
2023,Q2,2023Q2,الباحة,Al Baha,105.86,4.0,8.4
2023,Q2,2023Q2,الجوف,Al Jouf,104.8,4.2,10.2
2023,Q3,2023Q3,عام (المملكة),Kingdom (General),99.98,-0.2,2.5
2023,Q3,2023Q3,الرياض,Riyadh,99.66,-0.3,6.8
2023,Q3,2023Q3,مكة المكرمة,Makkah,99.92,-0.7,-2.7
2023,Q3,2023Q3,المدينة المنورة,Madinah,100.77,-2.1,3.2
2023,Q3,2023Q3,القصيم,Al Qaseem,100.62,2.3,-3.3
2023,Q3,2023Q3,المنطقة الشرقية,Eastern Province,100.4,0.2,-2.2
2023,Q3,2023Q3,عسير,Aseer,101.79,1.2,5.4
2023,Q3,2023Q3,تبوك,Tabouk,103.71,4.0,10.8
2023,Q3,2023Q3,حائل,Hail,96.35,-3.3,-2.5
2023,Q3,2023Q3,الحدود الشمالية,Northern Borders,100.06,1.6,-3.4
2023,Q3,2023Q3,جازان,Jazan,101.6,4.0,4.3
2023,Q3,2023Q3,نجران,Najran,98.47,-6.3,10.7
2023,Q3,2023Q3,الباحة,Al Baha,93.07,-12.1,-0.3
2023,Q3,2023Q3,الجوف,Al Jouf,97.26,-7.2,-0.8
2023,Q4,2023Q4,عام (المملكة),Kingdom (General),100.59,0.6,3.5
2023,Q4,2023Q4,الرياض,Riyadh,102.84,3.2,7.5
2023,Q4,2023Q4,مكة المكرمة,Makkah,98.76,-1.2,-1.8
2023,Q4,2023Q4,المدينة المنورة,Madinah,97.23,-3.5,-1.1
2023,Q4,2023Q4,القصيم,Al Qaseem,99.32,-1.3,-1.4
2023,Q4,2023Q4,المنطقة الشرقية,Eastern Province,98.37,-2.0,2.0
2023,Q4,2023Q4,عسير,Aseer,95.52,-6.2,-2.9
2023,Q4,2023Q4,تبوك,Tabouk,101.09,-2.5,9.7
2023,Q4,2023Q4,حائل,Hail,102.27,6.1,0.5
2023,Q4,2023Q4,الحدود الشمالية,Northern Borders,102.51,2.4,0.8
2023,Q4,2023Q4,جازان,Jazan,100.95,-0.6,3.4
2023,Q4,2023Q4,نجران,Najran,98.28,-0.2,8.0
2023,Q4,2023Q4,الباحة,Al Baha,99.73,7.2,-2.3
2023,Q4,2023Q4,الجوف,Al Jouf,97.5,0.2,2.2
2024,Q1,2024Q1,عام (المملكة),Kingdom (General),100.59,0.0,1.4
2024,Q1,2024Q1,الرياض,Riyadh,103.82,1.0,6.3
2024,Q1,2024Q1,مكة المكرمة,Makkah,98.58,-0.2,-2.1
2024,Q1,2024Q1,المدينة المنورة,Madinah,99.92,2.8,0.7
2024,Q1,2024Q1,القصيم,Al Qaseem,96.8,-2.5,-4.8
2024,Q1,2024Q1,المنطقة الشرقية,Eastern Province,96.79,-1.6,-4.3
2024,Q1,2024Q1,عسير,Aseer,91.52,-4.2,-10.5
2024,Q1,2024Q1,تبوك,Tabouk,99.32,-1.8,3.9
2024,Q1,2024Q1,حائل,Hail,99.55,-2.7,-2.2
2024,Q1,2024Q1,الحدود الشمالية,Northern Borders,98.48,-3.9,-0.6
2024,Q1,2024Q1,جازان,Jazan,103.74,2.8,4.0
2024,Q1,2024Q1,نجران,Najran,96.69,-1.6,-1.6
2024,Q1,2024Q1,الباحة,Al Baha,82.11,-17.7,-19.3
2024,Q1,2024Q1,الجوف,Al Jouf,89.64,-8.1,-10.9
2024,Q2,2024Q2,عام (المملكة),Kingdom (General),101.79,1.2,1.6
2024,Q2,2024Q2,الرياض,Riyadh,107.53,3.6,7.6
2024,Q2,2024Q2,مكة المكرمة,Makkah,98.22,-0.4,-2.4
2024,Q2,2024Q2,المدينة المنورة,Madinah,99.24,-0.7,-3.5
2024,Q2,2024Q2,القصيم,Al Qaseem,96.38,-0.4,-2.0
2024,Q2,2024Q2,المنطقة الشرقية,Eastern Province,94.18,-2.7,-6.0
2024,Q2,2024Q2,عسير,Aseer,92.62,1.2,-7.9
2024,Q2,2024Q2,تبوك,Tabouk,99.72,0.4,0.0
2024,Q2,2024Q2,حائل,Hail,99.79,0.2,0.2
2024,Q2,2024Q2,الحدود الشمالية,Northern Borders,100.61,2.2,2.2
2024,Q2,2024Q2,جازان,Jazan,102.07,-1.6,4.4
2024,Q2,2024Q2,نجران,Najran,100.2,3.6,-4.7
2024,Q2,2024Q2,الباحة,Al Baha,81.51,-0.7,-23.0
2024,Q2,2024Q2,الجوف,Al Jouf,97.62,8.9,-6.9
2024,Q3,2024Q3,عام (المملكة),Kingdom (General),102.56,0.8,2.6
2024,Q3,2024Q3,الرياض,Riyadh,109.85,2.2,10.2
2024,Q3,2024Q3,مكة المكرمة,Makkah,98.55,0.3,-1.4
2024,Q3,2024Q3,المدينة المنورة,Madinah,99.6,0.4,-1.2
2024,Q3,2024Q3,القصيم,Al Qaseem,97.61,1.3,-3.0
2024,Q3,2024Q3,المنطقة الشرقية,Eastern Province,92.05,-2.3,-8.3
2024,Q3,2024Q3,عسير,Aseer,92.37,-0.3,-9.3
2024,Q3,2024Q3,تبوك,Tabouk,100.14,0.4,-3.4
2024,Q3,2024Q3,حائل,Hail,101.12,1.3,5.0
2024,Q3,2024Q3,الحدود الشمالية,Northern Borders,101.73,1.1,1.7
2024,Q3,2024Q3,جازان,Jazan,100.24,-1.8,-1.3
2024,Q3,2024Q3,نجران,Najran,97.78,-2.4,-0.7
2024,Q3,2024Q3,الباحة,Al Baha,79.73,-2.2,-14.3
2024,Q3,2024Q3,الجوف,Al Jouf,98.05,0.4,0.8
2024,Q4,2024Q4,عام (المملكة),Kingdom (General),104.18,1.6,3.6
2024,Q4,2024Q4,الرياض,Riyadh,113.33,3.2,10.2
2024,Q4,2024Q4,مكة المكرمة,Makkah,98.23,-0.3,-0.5
2024,Q4,2024Q4,المدينة المنورة,Madinah,98.02,-1.6,0.8
2024,Q4,2024Q4,القصيم,Al Qaseem,95.62,-2.0,-3.7
2024,Q4,2024Q4,المنطقة الشرقية,Eastern Province,93.89,2.0,-4.6
2024,Q4,2024Q4,عسير,Aseer,88.55,-4.1,-7.3
2024,Q4,2024Q4,تبوك,Tabouk,102.22,2.1,1.1
2024,Q4,2024Q4,حائل,Hail,103.01,1.9,0.7
2024,Q4,2024Q4,الحدود الشمالية,Northern Borders,101.26,-0.5,-1.2
2024,Q4,2024Q4,جازان,Jazan,99.31,-0.9,-1.6
2024,Q4,2024Q4,نجران,Najran,102.78,5.1,4.6
2024,Q4,2024Q4,الباحة,Al Baha,83.09,4.2,-16.7
2024,Q4,2024Q4,الجوف,Al Jouf,93.48,-4.7,-4.1
2025,Q1,2025Q1,عام (المملكة),Kingdom (General),104.93,0.7,4.3
2025,Q1,2025Q1,الرياض,Riyadh,114.89,1.4,10.7
2025,Q1,2025Q1,مكة المكرمة,Makkah,100.08,1.9,1.5
2025,Q1,2025Q1,المدينة المنورة,Madinah,98.49,0.5,-1.4
2025,Q1,2025Q1,القصيم,Al Qaseem,96.86,1.3,0.1
2025,Q1,2025Q1,المنطقة الشرقية,Eastern Province,91.45,-2.6,-5.5
2025,Q1,2025Q1,عسير,Aseer,87.52,-1.2,-4.4
2025,Q1,2025Q1,تبوك,Tabouk,100.48,-1.7,1.2
2025,Q1,2025Q1,حائل,Hail,103.65,0.6,4.1
2025,Q1,2025Q1,الحدود الشمالية,Northern Borders,107.05,5.7,8.7
2025,Q1,2025Q1,جازان,Jazan,101.71,2.4,-2.0
2025,Q1,2025Q1,نجران,Najran,102.06,-0.7,5.6
2025,Q1,2025Q1,الباحة,Al Baha,83.86,0.9,2.1
2025,Q1,2025Q1,الجوف,Al Jouf,96.98,3.7,8.2
2025,Q2,2025Q2,عام (المملكة),Kingdom (General),105.0,0.1,3.2
2025,Q2,2025Q2,الرياض,Riyadh,111.35,-3.1,3.6
2025,Q2,2025Q2,مكة المكرمة,Makkah,102.07,2.0,3.9
2025,Q2,2025Q2,المدينة المنورة,Madinah,96.03,-2.5,-3.2
2025,Q2,2025Q2,القصيم,Al Qaseem,97.48,0.6,1.1
2025,Q2,2025Q2,المنطقة الشرقية,Eastern Province,98.17,7.3,4.2
2025,Q2,2025Q2,عسير,Aseer,89.04,1.7,-3.9
2025,Q2,2025Q2,تبوك,Tabouk,104.4,3.9,4.7
2025,Q2,2025Q2,حائل,Hail,102.65,-1.0,2.9
2025,Q2,2025Q2,الحدود الشمالية,Northern Borders,99.29,-7.2,-1.3
2025,Q2,2025Q2,جازان,Jazan,99.18,-2.5,-2.8
2025,Q2,2025Q2,نجران,Najran,100.61,-1.4,0.4
2025,Q2,2025Q2,الباحة,Al Baha,80.16,-4.4,-1.7
2025,Q2,2025Q2,الجوف,Al Jouf,96.93,-0.1,-0.7
2025,Q3,2025Q3,عام (المملكة),Kingdom (General),103.88,-1.1,1.3
2025,Q3,2025Q3,الرياض,Riyadh,110.91,-0.4,1.0
2025,Q3,2025Q3,مكة المكرمة,Makkah,100.43,-1.6,1.9
2025,Q3,2025Q3,المدينة المنورة,Madinah,91.61,-4.6,-8.0
2025,Q3,2025Q3,القصيم,Al Qaseem,92.66,-4.9,-5.1
2025,Q3,2025Q3,المنطقة الشرقية,Eastern Province,97.62,-0.6,6.1
2025,Q3,2025Q3,عسير,Aseer,86.53,-2.8,-6.3
2025,Q3,2025Q3,تبوك,Tabouk,103.53,-0.8,3.4
2025,Q3,2025Q3,حائل,Hail,93.69,-8.7,-7.3
2025,Q3,2025Q3,الحدود الشمالية,Northern Borders,93.94,-5.4,-7.7
2025,Q3,2025Q3,جازان,Jazan,100.71,1.5,0.5
2025,Q3,2025Q3,نجران,Najran,101.39,0.8,3.7
2025,Q3,2025Q3,الباحة,Al Baha,78.62,-1.9,-1.4
2025,Q3,2025Q3,الجوف,Al Jouf,93.63,-3.4,-4.5
2025,Q4,2025Q4,عام (المملكة),Kingdom (General),103.48,-0.4,-0.7
2025,Q4,2025Q4,الرياض,Riyadh,109.88,-0.9,-3.0
2025,Q4,2025Q4,مكة المكرمة,Makkah,100.65,0.2,2.5
2025,Q4,2025Q4,المدينة المنورة,Madinah,92.01,0.4,-6.1
2025,Q4,2025Q4,القصيم,Al Qaseem,93.01,0.4,-2.7
2025,Q4,2025Q4,المنطقة الشرقية,Eastern Province,97.63,0.0,4.0
2025,Q4,2025Q4,عسير,Aseer,86.31,-0.3,-2.5
2025,Q4,2025Q4,تبوك,Tabouk,103.37,-0.2,1.1
2025,Q4,2025Q4,حائل,Hail,93.8,0.1,-8.9
2025,Q4,2025Q4,الحدود الشمالية,Northern Borders,94.41,0.5,-6.8
2025,Q4,2025Q4,جازان,Jazan,100.38,-0.3,1.1
2025,Q4,2025Q4,نجران,Najran,100.55,-0.8,-2.2
2025,Q4,2025Q4,الباحة,Al Baha,78.93,0.4,-5.0
2025,Q4,2025Q4,الجوف,Al Jouf,93.83,0.2,0.4
2026,Q1,2026Q1,عام (المملكة),Kingdom (General),103.29,-0.2,-1.6
2026,Q1,2026Q1,الرياض,Riyadh,109.83,0.0,-4.4
2026,Q1,2026Q1,مكة المكرمة,Makkah,99.37,-1.3,-0.7
2026,Q1,2026Q1,المدينة المنورة,Madinah,93.6,1.7,-5.0
2026,Q1,2026Q1,القصيم,Al Qaseem,91.93,-1.2,-5.1
2026,Q1,2026Q1,المنطقة الشرقية,Eastern Province,97.75,0.1,6.9
2026,Q1,2026Q1,عسير,Aseer,88.51,2.5,1.1
2026,Q1,2026Q1,تبوك,Tabouk,101.96,-1.4,1.5
2026,Q1,2026Q1,حائل,Hail,95.39,1.7,-8.0
2026,Q1,2026Q1,الحدود الشمالية,Northern Borders,99.98,5.9,-6.6
2026,Q1,2026Q1,جازان,Jazan,100.26,-0.1,-1.4
2026,Q1,2026Q1,نجران,Najran,105.61,5.0,3.5
2026,Q1,2026Q1,الباحة,Al Baha,76.14,-3.5,-9.2
2026,Q1,2026Q1,الجوف,Al Jouf,95.62,1.9,-1.4
2026,Q2,2026Q2,عام (المملكة),Kingdom (General),106.34,3.0,1.3
2026,Q2,2026Q2,الرياض,Riyadh,115.98,5.6,4.2
2026,Q2,2026Q2,مكة المكرمة,Makkah,102.43,3.1,0.4
2026,Q2,2026Q2,المدينة المنورة,Madinah,91.68,-2.1,-4.5
2026,Q2,2026Q2,القصيم,Al Qaseem,92.22,0.3,-5.4
2026,Q2,2026Q2,المنطقة الشرقية,Eastern Province,95.73,-2.1,-2.5
2026,Q2,2026Q2,عسير,Aseer,87.77,-0.8,-1.4
2026,Q2,2026Q2,تبوك,Tabouk,102.63,0.7,-1.7
2026,Q2,2026Q2,حائل,Hail,92.3,-3.2,-10.1
2026,Q2,2026Q2,الحدود الشمالية,Northern Borders,103.86,3.9,4.6
2026,Q2,2026Q2,جازان,Jazan,98.79,-1.5,-0.4
2026,Q2,2026Q2,نجران,Najran,100.11,-5.2,-0.5
2026,Q2,2026Q2,الباحة,Al Baha,77.91,2.3,-2.8
2026,Q2,2026Q2,الجوف,Al Jouf,107.02,11.9,10.4
