year,quarter_code,quarter_period,category_ar,category_en,index_value,qoq_change_pct,yoy_change_pct
2021,Q1,2021Q1,عام,General,81.37,,
2021,Q1,2021Q1,إجمالي السكني,Total Residential,80.78,,
2021,Q1,2021Q1,قطعة أرض سكنية,Residential Plot,80.6,,
2021,Q1,2021Q1,فيلا,Villa,77.25,,
2021,Q1,2021Q1,شقة,Apartment,82.74,,
2021,Q1,2021Q1,دور,Floor,94.27,,
2021,Q1,2021Q1,إجمالي التجاري,Total Commercial,82.86,,
2021,Q1,2021Q1,قطعة أرض تجارية,Commercial Plot,82.84,,
2021,Q1,2021Q1,عمارة,Building,80.1,,
2021,Q1,2021Q1,معرض / محل,Gallery/Shop,94.83,,
2021,Q1,2021Q1,إجمالي الزراعي,Total Agricultural,84.39,,
2021,Q1,2021Q1,أرض زراعية,Agricultural Land,84.39,,
2021,Q2,2021Q2,عام,General,82.06,0.8,
2021,Q2,2021Q2,إجمالي السكني,Total Residential,82.36,2.0,
2021,Q2,2021Q2,قطعة أرض سكنية,Residential Plot,83.61,3.7,
2021,Q2,2021Q2,فيلا,Villa,75.42,-2.4,
2021,Q2,2021Q2,شقة,Apartment,82.92,0.2,
2021,Q2,2021Q2,دور,Floor,90.17,-4.3,
2021,Q2,2021Q2,إجمالي التجاري,Total Commercial,80.87,-2.4,
2021,Q2,2021Q2,قطعة أرض تجارية,Commercial Plot,80.67,-2.6,
2021,Q2,2021Q2,عمارة,Building,79.46,-0.8,
2021,Q2,2021Q2,معرض / محل,Gallery/Shop,95.04,0.2,
2021,Q2,2021Q2,إجمالي الزراعي,Total Agricultural,87.19,3.3,
2021,Q2,2021Q2,أرض زراعية,Agricultural Land,87.19,3.3,
2021,Q3,2021Q3,عام,General,86.2,5.0,
2021,Q3,2021Q3,إجمالي السكني,Total Residential,86.25,4.7,
2021,Q3,2021Q3,قطعة أرض سكنية,Residential Plot,87.86,5.1,
2021,Q3,2021Q3,فيلا,Villa,81.17,7.6,
2021,Q3,2021Q3,شقة,Apartment,84.76,2.2,
2021,Q3,2021Q3,دور,Floor,89.35,-0.9,
2021,Q3,2021Q3,إجمالي التجاري,Total Commercial,85.97,6.3,
2021,Q3,2021Q3,قطعة أرض تجارية,Commercial Plot,86.07,6.7,
2021,Q3,2021Q3,عمارة,Building,82.6,4.0,
2021,Q3,2021Q3,معرض / محل,Gallery/Shop,94.76,-0.3,
2021,Q3,2021Q3,إجمالي الزراعي,Total Agricultural,87.46,0.3,
2021,Q3,2021Q3,أرض زراعية,Agricultural Land,87.46,0.3,
2021,Q4,2021Q4,عام,General,89.15,3.4,
2021,Q4,2021Q4,إجمالي السكني,Total Residential,89.51,3.8,
2021,Q4,2021Q4,قطعة أرض سكنية,Residential Plot,91.02,3.6,
2021,Q4,2021Q4,فيلا,Villa,84.14,3.7,
2021,Q4,2021Q4,شقة,Apartment,88.61,4.5,
2021,Q4,2021Q4,دور,Floor,91.74,2.7,
2021,Q4,2021Q4,إجمالي التجاري,Total Commercial,87.87,2.2,
2021,Q4,2021Q4,قطعة أرض تجارية,Commercial Plot,88.1,2.4,
2021,Q4,2021Q4,عمارة,Building,83.53,1.1,
2021,Q4,2021Q4,معرض / محل,Gallery/Shop,95.13,0.4,
2021,Q4,2021Q4,إجمالي الزراعي,Total Agricultural,92.31,5.5,
2021,Q4,2021Q4,أرض زراعية,Agricultural Land,92.31,5.5,
2022,Q1,2022Q1,عام,General,91.29,2.4,12.2
2022,Q1,2022Q1,إجمالي السكني,Total Residential,91.34,2.0,13.1
2022,Q1,2022Q1,قطعة أرض سكنية,Residential Plot,92.58,1.7,14.9
2022,Q1,2022Q1,فيلا,Villa,85.62,1.8,10.8
2022,Q1,2022Q1,شقة,Apartment,91.45,3.2,10.5
2022,Q1,2022Q1,دور,Floor,94.07,2.5,-0.2
2022,Q1,2022Q1,إجمالي التجاري,Total Commercial,91.13,3.7,10.0
2022,Q1,2022Q1,قطعة أرض تجارية,Commercial Plot,91.42,3.8,10.4
2022,Q1,2022Q1,عمارة,Building,86.19,3.2,7.6
2022,Q1,2022Q1,معرض / محل,Gallery/Shop,97.79,2.8,3.1
2022,Q1,2022Q1,إجمالي الزراعي,Total Agricultural,91.43,-1.0,8.3
2022,Q1,2022Q1,أرض زراعية,Agricultural Land,91.43,-1.0,8.3
2022,Q2,2022Q2,عام,General,95.56,4.7,16.5
2022,Q2,2022Q2,إجمالي السكني,Total Residential,95.65,4.7,16.1
2022,Q2,2022Q2,قطعة أرض سكنية,Residential Plot,96.42,4.1,15.3
2022,Q2,2022Q2,فيلا,Villa,92.1,7.6,22.1
2022,Q2,2022Q2,شقة,Apartment,95.73,4.7,15.4
2022,Q2,2022Q2,دور,Floor,96.95,3.1,7.5
2022,Q2,2022Q2,إجمالي التجاري,Total Commercial,95.55,4.9,18.2
2022,Q2,2022Q2,قطعة أرض تجارية,Commercial Plot,95.98,5.0,19.0
2022,Q2,2022Q2,عمارة,Building,90.3,4.8,13.6
2022,Q2,2022Q2,معرض / محل,Gallery/Shop,97.16,-0.6,2.2
2022,Q2,2022Q2,إجمالي الزراعي,Total Agricultural,92.48,1.1,6.1
2022,Q2,2022Q2,أرض زراعية,Agricultural Land,92.48,1.1,6.1
2022,Q3,2022Q3,عام,General,97.5,2.0,13.1
2022,Q3,2022Q3,إجمالي السكني,Total Residential,98.58,3.1,14.3
2022,Q3,2022Q3,قطعة أرض سكنية,Residential Plot,99.88,3.6,13.7
2022,Q3,2022Q3,فيلا,Villa,92.63,0.6,14.1
2022,Q3,2022Q3,شقة,Apartment,98.76,3.2,16.5
2022,Q3,2022Q3,دور,Floor,100.21,3.4,12.2
2022,Q3,2022Q3,إجمالي التجاري,Total Commercial,94.38,-1.2,9.8
2022,Q3,2022Q3,قطعة أرض تجارية,Commercial Plot,94.31,-1.7,9.6
2022,Q3,2022Q3,عمارة,Building,94.44,4.6,14.3
2022,Q3,2022Q3,معرض / محل,Gallery/Shop,97.3,0.1,2.7
2022,Q3,2022Q3,إجمالي الزراعي,Total Agricultural,98.89,6.9,13.1
2022,Q3,2022Q3,أرض زراعية,Agricultural Land,98.89,6.9,13.1
2022,Q4,2022Q4,عام,General,97.22,-0.3,9.1
2022,Q4,2022Q4,إجمالي السكني,Total Residential,98.18,-0.4,9.7
2022,Q4,2022Q4,قطعة أرض سكنية,Residential Plot,98.6,-1.3,8.3
2022,Q4,2022Q4,فيلا,Villa,94.16,1.7,11.9
2022,Q4,2022Q4,شقة,Apartment,99.59,0.8,12.4
2022,Q4,2022Q4,دور,Floor,100.23,0.0,9.3
2022,Q4,2022Q4,إجمالي التجاري,Total Commercial,94.71,0.3,7.8
2022,Q4,2022Q4,قطعة أرض تجارية,Commercial Plot,94.74,0.5,7.5
2022,Q4,2022Q4,عمارة,Building,93.55,-0.9,12.0
2022,Q4,2022Q4,معرض / محل,Gallery/Shop,97.57,0.3,2.6
2022,Q4,2022Q4,إجمالي الزراعي,Total Agricultural,95.04,-3.9,3.0
2022,Q4,2022Q4,أرض زراعية,Agricultural Land,95.04,-3.9,3.0
2023,Q1,2023Q1,عام,General,99.22,2.1,8.7
2023,Q1,2023Q1,إجمالي السكني,Total Residential,100.24,2.1,9.7
2023,Q1,2023Q1,قطعة أرض سكنية,Residential Plot,100.19,1.6,8.2
2023,Q1,2023Q1,فيلا,Villa,99.27,5.4,15.9
2023,Q1,2023Q1,شقة,Apartment,101.1,1.5,10.6
2023,Q1,2023Q1,دور,Floor,100.08,-0.1,6.4
2023,Q1,2023Q1,إجمالي التجاري,Total Commercial,96.51,1.9,5.9
2023,Q1,2023Q1,قطعة أرض تجارية,Commercial Plot,96.28,1.6,5.3
2023,Q1,2023Q1,عمارة,Building,99.09,5.9,15.0
2023,Q1,2023Q1,معرض / محل,Gallery/Shop,97.01,-0.6,-0.8
2023,Q1,2023Q1,إجمالي الزراعي,Total Agricultural,97.03,2.1,6.1
2023,Q1,2023Q1,أرض زراعية,Agricultural Land,97.03,2.1,6.1
2023,Q2,2023Q2,عام,General,100.22,1.0,4.9
2023,Q2,2023Q2,إجمالي السكني,Total Residential,100.71,0.5,5.3
2023,Q2,2023Q2,قطعة أرض سكنية,Residential Plot,100.28,0.1,4.0
2023,Q2,2023Q2,فيلا,Villa,101.79,2.5,10.5
2023,Q2,2023Q2,شقة,Apartment,101.31,0.2,5.8
2023,Q2,2023Q2,دور,Floor,100.3,0.2,3.5
2023,Q2,2023Q2,إجمالي التجاري,Total Commercial,99.11,2.7,3.7
2023,Q2,2023Q2,قطعة أرض تجارية,Commercial Plot,98.86,2.7,3.0
2023,Q2,2023Q2,عمارة,Building,101.56,2.5,12.5
2023,Q2,2023Q2,معرض / محل,Gallery/Shop,100.66,3.8,3.6
2023,Q2,2023Q2,إجمالي الزراعي,Total Agricultural,96.48,-0.6,4.3
2023,Q2,2023Q2,أرض زراعية,Agricultural Land,96.48,-0.6,4.3
2023,Q3,2023Q3,عام,General,99.98,-0.2,2.5
2023,Q3,2023Q3,إجمالي السكني,Total Residential,99.77,-0.9,1.2
2023,Q3,2023Q3,قطعة أرض سكنية,Residential Plot,99.79,-0.5,-0.1
2023,Q3,2023Q3,فيلا,Villa,100.67,-1.1,8.7
2023,Q3,2023Q3,شقة,Apartment,99.05,-2.2,0.3
2023,Q3,2023Q3,دور,Floor,100.22,-0.1,0.0
2023,Q3,2023Q3,إجمالي التجاري,Total Commercial,100.23,1.1,6.2
2023,Q3,2023Q3,قطعة أرض تجارية,Commercial Plot,100.31,1.5,6.4
2023,Q3,2023Q3,عمارة,Building,99.21,-2.3,5.1
2023,Q3,2023Q3,معرض / محل,Gallery/Shop,100.89,0.2,3.7
2023,Q3,2023Q3,إجمالي الزراعي,Total Agricultural,104.64,8.5,5.8
2023,Q3,2023Q3,أرض زراعية,Agricultural Land,104.64,8.5,5.8
2023,Q4,2023Q4,عام,General,100.59,0.6,3.5
2023,Q4,2023Q4,إجمالي السكني,Total Residential,99.28,-0.5,1.1
2023,Q4,2023Q4,قطعة أرض سكنية,Residential Plot,99.74,-0.1,1.2
2023,Q4,2023Q4,فيلا,Villa,98.31,-2.3,4.4
2023,Q4,2023Q4,شقة,Apartment,98.57,-0.5,-1.0
2023,Q4,2023Q4,دور,Floor,99.39,-0.8,-0.8
2023,Q4,2023Q4,إجمالي التجاري,Total Commercial,104.3,4.1,10.1
2023,Q4,2023Q4,قطعة أرض تجارية,Commercial Plot,104.75,4.4,10.6
2023,Q4,2023Q4,عمارة,Building,100.15,0.9,7.1
2023,Q4,2023Q4,معرض / محل,Gallery/Shop,101.5,0.6,4.0
2023,Q4,2023Q4,إجمالي الزراعي,Total Agricultural,102.08,-2.4,7.4
2023,Q4,2023Q4,أرض زراعية,Agricultural Land,102.08,-2.4,7.4
2024,Q1,2024Q1,عام,General,100.59,0.0,1.4
2024,Q1,2024Q1,إجمالي السكني,Total Residential,99.18,-0.1,-1.1
2024,Q1,2024Q1,قطعة أرض سكنية,Residential Plot,100.21,0.5,0.0
2024,Q1,2024Q1,فيلا,Villa,93.61,-4.8,-5.7
2024,Q1,2024Q1,شقة,Apartment,100.34,1.8,-0.8
2024,Q1,2024Q1,دور,Floor,96.28,-3.1,-3.8
2024,Q1,2024Q1,إجمالي التجاري,Total Commercial,104.6,0.3,8.4
2024,Q1,2024Q1,قطعة أرض تجارية,Commercial Plot,104.88,0.1,8.9
2024,Q1,2024Q1,عمارة,Building,103.76,3.6,4.7
2024,Q1,2024Q1,معرض / محل,Gallery/Shop,96.66,-4.8,-0.4
2024,Q1,2024Q1,إجمالي الزراعي,Total Agricultural,102.02,-0.1,5.1
2024,Q1,2024Q1,أرض زراعية,Agricultural Land,102.02,-0.1,5.1
2024,Q2,2024Q2,عام,General,101.79,1.2,1.6
2024,Q2,2024Q2,إجمالي السكني,Total Residential,101.13,2.0,0.4
2024,Q2,2024Q2,قطعة أرض سكنية,Residential Plot,101.13,0.9,0.8
2024,Q2,2024Q2,فيلا,Villa,101.82,8.8,0.0
2024,Q2,2024Q2,شقة,Apartment,101.07,0.7,-0.2
2024,Q2,2024Q2,دور,Floor,96.63,0.4,-3.7
2024,Q2,2024Q2,إجمالي التجاري,Total Commercial,103.57,-1.0,4.5
2024,Q2,2024Q2,قطعة أرض تجارية,Commercial Plot,103.4,-1.4,4.6
2024,Q2,2024Q2,عمارة,Building,107.32,3.4,5.7
2024,Q2,2024Q2,معرض / محل,Gallery/Shop,97.42,0.8,-3.2
2024,Q2,2024Q2,إجمالي الزراعي,Total Agricultural,103.52,1.5,7.3
2024,Q2,2024Q2,أرض زراعية,Agricultural Land,103.52,1.5,7.3
2024,Q3,2024Q3,عام,General,102.56,0.8,2.6
2024,Q3,2024Q3,إجمالي السكني,Total Residential,101.35,0.2,1.6
2024,Q3,2024Q3,قطعة أرض سكنية,Residential Plot,101.38,0.2,1.6
2024,Q3,2024Q3,فيلا,Villa,102.22,0.4,1.5
2024,Q3,2024Q3,شقة,Apartment,100.93,-0.1,1.9
2024,Q3,2024Q3,دور,Floor,98.41,1.8,-1.8
2024,Q3,2024Q3,إجمالي التجاري,Total Commercial,106.67,3.0,6.4
2024,Q3,2024Q3,قطعة أرض تجارية,Commercial Plot,106.75,3.2,6.4
2024,Q3,2024Q3,عمارة,Building,107.78,0.4,8.6
2024,Q3,2024Q3,معرض / محل,Gallery/Shop,99.77,2.4,-1.1
2024,Q3,2024Q3,إجمالي الزراعي,Total Agricultural,95.54,-7.7,-8.7
2024,Q3,2024Q3,أرض زراعية,Agricultural Land,95.54,-7.7,-8.7
2024,Q4,2024Q4,عام,General,104.18,1.6,3.6
2024,Q4,2024Q4,إجمالي السكني,Total Residential,102.35,1.0,3.1
2024,Q4,2024Q4,قطعة أرض سكنية,Residential Plot,102.25,0.9,2.5
2024,Q4,2024Q4,فيلا,Villa,104.66,2.4,6.5
2024,Q4,2024Q4,شقة,Apartment,101.4,0.5,2.9
2024,Q4,2024Q4,دور,Floor,98.73,0.3,-0.7
2024,Q4,2024Q4,إجمالي التجاري,Total Commercial,109.54,2.7,5.0
2024,Q4,2024Q4,قطعة أرض تجارية,Commercial Plot,110.17,3.2,5.2
2024,Q4,2024Q4,عمارة,Building,105.28,-2.3,5.1
2024,Q4,2024Q4,معرض / محل,Gallery/Shop,99.8,0.0,-1.7
2024,Q4,2024Q4,إجمالي الزراعي,Total Agricultural,104.89,9.8,2.8
2024,Q4,2024Q4,أرض زراعية,Agricultural Land,104.89,9.8,2.8
2025,Q1,2025Q1,عام,General,104.93,0.7,4.3
2025,Q1,2025Q1,إجمالي السكني,Total Residential,104.26,1.9,5.1
2025,Q1,2025Q1,قطعة أرض سكنية,Residential Plot,105.56,3.2,5.3
2025,Q1,2025Q1,فيلا,Villa,103.21,-1.4,10.3
2025,Q1,2025Q1,شقة,Apartment,101.58,0.2,1.2
2025,Q1,2025Q1,دور,Floor,98.94,0.2,2.8
2025,Q1,2025Q1,إجمالي التجاري,Total Commercial,107.2,-2.1,2.5
2025,Q1,2025Q1,قطعة أرض تجارية,Commercial Plot,107.36,-2.6,2.4
2025,Q1,2025Q1,عمارة,Building,106.99,1.6,3.1
2025,Q1,2025Q1,معرض / محل,Gallery/Shop,101.58,1.8,5.1
2025,Q1,2025Q1,إجمالي الزراعي,Total Agricultural,100.87,-3.8,-1.1
2025,Q1,2025Q1,أرض زراعية,Agricultural Land,100.87,-3.8,-1.1
2025,Q2,2025Q2,عام,General,105.0,0.1,3.2
2025,Q2,2025Q2,إجمالي السكني,Total Residential,101.57,-2.6,0.4
2025,Q2,2025Q2,قطعة أرض سكنية,Residential Plot,101.3,-4.0,0.2
2025,Q2,2025Q2,فيلا,Villa,105.03,1.8,3.2
2025,Q2,2025Q2,شقة,Apartment,100.32,-1.2,-0.7
2025,Q2,2025Q2,دور,Floor,98.05,-0.9,1.5
2025,Q2,2025Q2,إجمالي التجاري,Total Commercial,115.69,7.9,11.7
2025,Q2,2025Q2,قطعة أرض تجارية,Commercial Plot,116.56,8.6,12.7
2025,Q2,2025Q2,عمارة,Building,110.22,3.0,2.7
2025,Q2,2025Q2,معرض / محل,Gallery/Shop,101.37,-0.2,4.1
2025,Q2,2025Q2,إجمالي الزراعي,Total Agricultural,102.63,1.7,-0.9
2025,Q2,2025Q2,أرض زراعية,Agricultural Land,102.63,1.7,-0.9
2025,Q3,2025Q3,عام,General,103.88,-1.1,1.3
2025,Q3,2025Q3,إجمالي السكني,Total Residential,100.44,-1.1,-0.9
2025,Q3,2025Q3,قطعة أرض سكنية,Residential Plot,100.44,-0.8,-0.9
2025,Q3,2025Q3,فيلا,Villa,102.4,-2.5,0.2
2025,Q3,2025Q3,شقة,Apartment,99.25,-1.1,-1.7
2025,Q3,2025Q3,دور,Floor,98.68,0.6,0.3
2025,Q3,2025Q3,إجمالي التجاري,Total Commercial,113.89,-1.6,6.8
2025,Q3,2025Q3,قطعة أرض تجارية,Commercial Plot,114.45,-1.8,7.2
2025,Q3,2025Q3,عمارة,Building,111.34,1.0,3.3
2025,Q3,2025Q3,معرض / محل,Gallery/Shop,100.83,-0.5,1.1
2025,Q3,2025Q3,إجمالي الزراعي,Total Agricultural,110.15,7.3,15.3
2025,Q3,2025Q3,أرض زراعية,Agricultural Land,110.15,7.3,15.3
2025,Q4,2025Q4,عام,General,103.48,-0.4,-0.7
2025,Q4,2025Q4,إجمالي السكني,Total Residential,100.05,-0.4,-2.2
2025,Q4,2025Q4,قطعة أرض سكنية,Residential Plot,99.76,-0.7,-2.4
2025,Q4,2025Q4,فيلا,Villa,103.25,0.8,-1.3
2025,Q4,2025Q4,شقة,Apartment,98.9,-0.4,-2.5
2025,Q4,2025Q4,دور,Floor,98.52,-0.2,-0.2
2025,Q4,2025Q4,إجمالي التجاري,Total Commercial,113.47,-0.4,3.6
2025,Q4,2025Q4,قطعة أرض تجارية,Commercial Plot,113.99,-0.4,3.5
2025,Q4,2025Q4,عمارة,Building,111.24,-0.1,5.7
2025,Q4,2025Q4,معرض / محل,Gallery/Shop,100.95,0.1,1.2
2025,Q4,2025Q4,إجمالي الزراعي,Total Agricultural,109.44,-0.6,4.3
2025,Q4,2025Q4,أرض زراعية,Agricultural Land,109.44,-0.6,4.3
2026,Q1,2026Q1,عام,General,103.29,-0.2,-1.6
2026,Q1,2026Q1,إجمالي السكني,Total Residential,100.55,0.5,-3.6
2026,Q1,2026Q1,قطعة أرض سكنية,Residential Plot,101.46,1.7,-3.9
2026,Q1,2026Q1,فيلا,Villa,96.88,-6.2,-6.1
2026,Q1,2026Q1,شقة,Apartment,100.49,1.6,-1.1
2026,Q1,2026Q1,دور,Floor,99.49,1.0,0.6
2026,Q1,2026Q1,إجمالي التجاري,Total Commercial,110.81,-2.3,3.4
2026,Q1,2026Q1,قطعة أرض تجارية,Commercial Plot,111.23,-2.4,3.6
2026,Q1,2026Q1,عمارة,Building,109.82,-1.3,2.6
2026,Q1,2026Q1,معرض / محل,Gallery/Shop,98.04,-2.9,-3.5
2026,Q1,2026Q1,إجمالي الزراعي,Total Agricultural,112.79,3.1,11.8
2026,Q1,2026Q1,أرض زراعية,Agricultural Land,112.79,3.1,11.8
2026,Q2,2026Q2,عام,General,106.34,3.0,1.3
2026,Q2,2026Q2,إجمالي السكني,Total Residential,104.25,3.7,2.6
2026,Q2,2026Q2,قطعة أرض سكنية,Residential Plot,107.65,6.1,6.3
2026,Q2,2026Q2,فيلا,Villa,94.89,-2.1,-9.7
2026,Q2,2026Q2,شقة,Apartment,101.43,0.9,1.1
2026,Q2,2026Q2,دور,Floor,98.42,-1.1,0.4
2026,Q2,2026Q2,إجمالي التجاري,Total Commercial,111.96,1.0,-3.2
2026,Q2,2026Q2,قطعة أرض تجارية,Commercial Plot,112.44,1.1,-3.5
2026,Q2,2026Q2,عمارة,Building,109.52,-0.3,-0.6
2026,Q2,2026Q2,معرض / محل,Gallery/Shop,101.74,3.8,0.4
2026,Q2,2026Q2,إجمالي الزراعي,Total Agricultural,114.23,1.3,11.3
2026,Q2,2026Q2,أرض زراعية,Agricultural Land,114.23,1.3,11.3
